{"sum": [457576627810884.9, 444390005536258.7, 3725270999.0, 36186187749.0, 3431824708582.0, 33329250415227.0, 1979824917.2871187, 2218605836.3397512, -4992741401.714591, -4771672579.661498, 36520314644.0, 36328683100.0, 221231733.26238802, 225047528.02034196, 872084038.2872568, 1489206022.3394704, 1382089874.4329762, 1208844517.9156604, 1336155678.8617156, 1523498756.514094, 243500.79008860223, 374790.70278366026, 5292793.935779015, 28670451.600632854, 155888960.8880282, 162840085.06162694, 60119682.60359921, 52981946.14536391, 535490.6893218991, 742052.1146486294], "mean": [0, 0, 0, 0, 0, 0, 0, 0, 0, 0, 0, 0, 0, 0, 0, 0, 0, 0, 0, 0, 0, 0, 0, 0, 0, 0, 0, 0, 0, 0], "std": [0, 0, 0, 0, 0, 0, 0, 0, 0, 0, 0, 0, 0, 0, 0, 0, 0, 0, 0, 0, 0, 0, 0, 0, 0, 0, 0, 0, 0, 0], "max": [95472533.33333334, 31202733.333333332, 626.0, 2868.0, 716044.0, 2340205.0, 7676.0, 7678.217391304348, 7665.0, 7667.217391304348, 200.0, 200.0, 173.16666666666666, 203.63333333333333, 4709.7972972972975, 6004.282383419689, 7721.0, 7721.0, 6117.314872556422, 6660.003119785722, 0.9994447529150472, 0.9994447529150472, 1886.0, 1886.0, 1.0, 1.0, 1.0, 1.0, 1.0, 1.0], "min": [0, 0, 0, 0, 0, 0, 0, 0, -739.0, -736.5, -542.0, -542.0, 0, 0, 0, 0, 0, 0, 0, 0, 0, 0, 0, 0, 0, 0, 0, 0, 0, 0], "count": [217802725, 217802725, 217802725, 217802725, 217802725, 217802725, 217802725, 217802725, 217802725, 217802725, 217802725, 217802725, 217802725, 217802725, 217802725, 217802725, 217802725, 217802725, 217802725, 217802725, 217802725, 217802725, 217802725, 217802725, 217802725, 217802725, 217802725, 217802725, 217802725, 217802725]}