{"sum": [514378169660509.8, 499141915273169.75, 4288443087.0, 41602114840.0, 3857836272456.0, 37435643645507.0, 5902599084.547044, 6615886386.21013, -5588840283.458662, -5271484197.792173, 47070669002.0, 46769407679.0, 297631027.5511723, 314365815.496482, 1654922219.546163, 3659739975.2114654, 2879476003.4320436, 2707217549.1807003, 1832424389.6386926, 2506295341.547164, 2684798.4647168764, 4118901.952414801, 27812618.089391574, 92244485.44266564, 197677765.72269943, 205311858.7320733, 92656144.74710852, 86721998.58704239, 878243.1753112529, 1154058.8829849537], "mean": [1742070.5911289074, 1690469.1969549241, 14.523887334727839, 140.89598872239134, 13065.529433474176, 126785.18977168457, 19.990631179391688, 22.406357399019303, -18.928008361544105, -17.853202437878522, 159.41661798607754, 158.39632101004284, 1.0080020706294393, 1.0646786242777866, 5.604808872779195, 12.394626673605888, 9.752067174139787, 9.168670745355403, 6.205964459502177, 8.488197331691495, 0.009092742896881119, 0.01394969379003982, 0.09419440188880293, 0.31240906936145096, 0.6694852979722455, 0.6953400672956607, 0.31380325677089693, 0.29370578351355664, 0.0029743906289397535, 0.003908509651189251], "std": [0, 0, 0, 0, 0, 0, 0, 0, 0, 0, 0, 0, 0, 0, 0, 0, 0, 0, 0, 0, 0, 0, 0, 0, 0, 0, 0, 0, 0, 0], "max": [229611866.66666666, 31202733.333333332, 1748.0, 2868.0, 1722089.0, 2340205.0, 8071.684210526315, 8071.684210526315, 8069.684210526315, 8069.684210526315, 200.0, 200.0, 448.1111111111111, 830.8888888888889, 4709.7972972972975, 6004.282383419689, 7721.0, 7721.0, 6117.314872556422, 6660.003119785722, 0.9994447529150472, 0.9994447529150472, 1886.0, 1886.0, 1.0, 1.0, 1.0, 1.0, 1.0, 1.0], "min": [0, 0, 0, 0, 0, 0, 0, 0, -2188.0, -2179.818181818182, -1992.0, -1992.0, 0, 0, 0, 0, 0, 0, 0, 0, 0, 0, 0, 0, 0, 0, 0, 0, 0, 0], "count": [295268270, 295268270, 295268270, 295268270, 295268270, 295268270, 295268270, 295268270, 295268270, 295268270, 295268270, 295268270, 295268270, 295268270, 295268270, 295268270, 295268270, 295268270, 295268270, 295268270, 295268270, 295268270, 295268270, 295268270, 295268270, 295268270, 295268270, 295268270, 295268270, 295268270]}