{"sum": [5.587419840476192e+20, 3.116483005145342e+20, 32414721393.06843, 1663540583064.6575, 3.143306550519176e+16, 1.753056318364943e+18, 1427339139243.0496, 1746942083400.661, 1952341717038.0024, 2282765069750.947, 1396563142545.2808, 1436528912407.5396, 315670087.70299286, 460807807.4542855, 36689476876.6553, 236486626889.1923, 74487986690.28737, 64239075629.945786, 13712517631.878859, 30994980579.952106, 3922016.9211807563, 5194013.810615494, 596071375.1854786, 2150701752.8752995, 225321181.25866222, 226123548.85121036, 118371764.41187136, 105938901.45990086, 1347491.4643708558, 1300901.360321708], "mean": [1742070.5911289074, 1690469.1969549241, 14.523887334727839, 140.89598872239134, 13065.529433474176, 126785.18977168457, 19.990631179391688, 22.406357399019303, -18.928008361544105, -17.853202437878522, 159.41661798607754, 158.39632101004284, 1.0080020706294393, 1.0646786242777866, 5.604808872779195, 12.394626673605888, 9.752067174139787, 9.168670745355403, 6.205964459502177, 8.488197331691495, 0.009092742896881119, 0.01394969379003982, 0.09419440188880293, 0.31240906936145096, 0.6694852979722455, 0.6953400672956607, 0.31380325677089693, 0.29370578351355664, 0.0029743906289397535, 0.003908509651189251], "std": [1375616.1410573684, 1027363.1678698143, 10.477622734216018, 75.05995684032416, 10317.749486297584, 77052.99860462148, 69.52727329440454, 76.91851015740609, 81.31478674783895, 87.92699268392377, 68.77362216352692, 69.75073620992538, 1.0339709227039924, 1.2492562319541665, 11.147112137041578, 28.300551815306594, 15.88308017960162, 14.749973897666482, 6.814754416307942, 10.24559759431418, 0.11525143507175062, 0.13263042469642863, 1.420825501798808, 2.698868377776231, 0.8735597592645313, 0.8751137480107243, 0.6331632079645919, 0.5989896839355474, 0.06755455253664518, 0.066376415270019], "max": [229611866.66666666, 31202733.333333332, 1748.0, 2868.0, 1722089.0, 2340205.0, 8071.684210526315, 8071.684210526315, 8069.684210526315, 8069.684210526315, 200.0, 200.0, 448.1111111111111, 830.8888888888889, 4709.7972972972975, 6004.282383419689, 7721.0, 7721.0, 6117.314872556422, 6660.003119785722, 0.9994447529150472, 0.9994447529150472, 1886.0, 1886.0, 1.0, 1.0, 1.0, 1.0, 1.0, 1.0], "min": [0, 0, 0, 0, 0, 0, 0, 0, -2188.0, -2179.818181818182, -1992.0, -1992.0, 0, 0, 0, 0, 0, 0, 0, 0, 0, 0, 0, 0, 0, 0, 0, 0, 0, 0], "count": [295268270, 295268270, 295268270, 295268270, 295268270, 295268270, 295268270, 295268270, 295268270, 295268270, 295268270, 295268270, 295268270, 295268270, 295268270, 295268270, 295268270, 295268270, 295268270, 295268270, 295268270, 295268270, 295268270, 295268270, 295268270, 295268270, 295268270, 295268270, 295268270, 295268270]}