{"sum": 6.187582921606663e+20, "mean": 4280279.856635324, "std": 3236958.4774624626, "max": 61661712.0, "min": 0, "count": 59053654}