{"sum": [1013520084934092.9, 45890557927.0, 41293479917963.0, 12518485470.759193, -10860324481.243155, 93840076681.0, 611996843.0480621, 5314662194.758229, 5586693552.610584, 4338719731.182715, 6803700.417124302, 120057103.53194274, 402989624.447896, 179378143.3349927, 2032302.0582752784], "mean": [1716269.8940426158, 77.70993802855959, 69925.35960257938, 21.198494289208917, -18.390605399698305, 158.90646949806018, 1.0363403474543034, 8.99971777319356, 9.460368959743938, 7.347080895591517, 0.01152121834344798, 0.20330173562493312, 0.6824126826223081, 0.3037545201436523, 0.003441450140029063], "std": [0, 0, 0, 0, 0, 0, 0, 0, 0, 0, 0, 0, 0, 0, 0], "max": [229611866.66666666, 2868.0, 2340205.0, 8071.684210526315, 8069.684210526315, 200.0, 830.8888888888889, 6004.282383419689, 7721.0, 6660.003119785722, 0.9994447529150472, 1886.0, 1.0, 1.0, 1.0], "min": [0, 0, 0, 0, -2188.0, -1992.0, 0, 0, 0, 0, 0, 0, 0, 0, 0], "count": [590536540, 590536540, 590536540, 590536540, 590536540, 590536540, 590536540, 590536540, 590536540, 590536540, 590536540, 590536540, 590536540, 590536540, 590536540]}