{"sum": [8.707823770259086e+20, 4007768301747.4746, 3.6936765150718766e+18, 3162624290590.7397, 4246137659370.75, 2739405666788.6484, 164955287.186723, 274667615213.36725, 133190616250.72697, 41137743699.710434, 2315813.0025785146, 2633746017.2349234, 48553794.562193155, 44992153.201230235, 616219.5888792125], "mean": [1716269.8940426158, 77.70993802855959, 69925.35960257938, 21.198494289208917, -18.390605399698305, 158.90646949806018, 1.0363403474543034, 8.99971777319356, 9.460368959743938, 7.347080895591517, 0.01152121834344798, 0.20330173562493312, 0.6824126826223081, 0.3037545201436523, 0.003441450140029063], "std": [1214315.1908858854, 82.38116237471357, 79087.171119665, 73.1813494498205, 84.7956643967486, 68.1090444544758, 0.5285179387274723, 21.566533325780405, 15.018045874033733, 8.346354877118019, 0.06262220512655738, 2.1118523845325945, 0.28673994700271194, 0.27602282811791506, 0.03230311194003275], "max": [229611866.66666666, 2868.0, 2340205.0, 8071.684210526315, 8069.684210526315, 200.0, 830.8888888888889, 6004.282383419689, 7721.0, 6660.003119785722, 0.9994447529150472, 1886.0, 1.0, 1.0, 1.0], "min": [0, 0, 0, 0, -2188.0, -1992.0, 0, 0, 0, 0, 0, 0, 0, 0, 0], "count": [590536540, 590536540, 590536540, 590536540, 590536540, 590536540, 590536540, 590536540, 590536540, 590536540, 590536540, 590536540, 590536540, 590536540, 590536540]}